gene,cellType.target,mean.target,cellType.2nd,mean.2nd,MeanRatio,MeanRatio.rank,MeanRatio.anno,gene_ensembl,gene_name,marker_gene
ENSG00000250842,amy_Inhib_D,0.8444168345618325,amy_Inhib_B,0.11803686225013045,7.15384006711767,2,amy_Inhib_D/amy_Inhib_B: 7.154,ENSG00000250842,AC137770.1,TRUE
ENSG00000112319,amy_Inhib_D,2.0444075636180354,amy_Inhib_F,0.4167851992753804,4.90518273482942,3,amy_Inhib_D/amy_Inhib_F: 4.905,ENSG00000112319,EYA4,TRUE
ENSG00000133392,amy_Inhib_D,0.7093587183072867,amy_Mural,0.1565028595651967,4.532560748589892,4,amy_Inhib_D/amy_Mural: 4.533,ENSG00000133392,MYH11,TRUE
ENSG00000157404,amy_Inhib_D,2.1952703214511815,amy_Inhib_B,0.5594974994473886,3.9236463498396925,5,amy_Inhib_D/amy_Inhib_B: 3.924,ENSG00000157404,KIT,TRUE
ENSG00000164946,amy_Inhib_D,1.501232362940711,amy_Inhib_B,0.42377530029952515,3.5425197312812644,6,amy_Inhib_D/amy_Inhib_B: 3.543,ENSG00000164946,FREM1,TRUE
ENSG00000145681,amy_Inhib_D,0.7867257150459371,amy_Inhib_F,0.23685661357381796,3.3215273290257894,7,amy_Inhib_D/amy_Inhib_F: 3.322,ENSG00000145681,HAPLN1,TRUE
ENSG00000235665,amy_Inhib_D,1.3433133640176609,amy_Astro_B,0.5005951024210019,2.6834328932126277,8,amy_Inhib_D/amy_Astro_B: 2.683,ENSG00000235665,LINC00298,TRUE
ENSG00000120875,amy_Inhib_D,0.366482136795632,amy_Excit_B,0.14102015018151495,2.5987926996525834,9,amy_Inhib_D/amy_Excit_B: 2.599,ENSG00000120875,DUSP4,TRUE
ENSG00000204103,amy_Inhib_D,0.3019685692781034,amy_Inhib_B,0.11820241737606986,2.554673381318148,10,amy_Inhib_D/amy_Inhib_B: 2.555,ENSG00000204103,MAFB,TRUE
ENSG00000125869,amy_Inhib_D,0.9103929301436692,amy_Inhib_C,0.3712206635948067,2.4524306414617523,11,amy_Inhib_D/amy_Inhib_C: 2.452,ENSG00000125869,LAMP5,TRUE
ENSG00000115353,amy_Inhib_D,1.7359011845585974,amy_Inhib_F,0.712872498354616,2.4350794687201964,12,amy_Inhib_D/amy_Inhib_F: 2.435,ENSG00000115353,TACR1,TRUE
ENSG00000186732,amy_Inhib_D,1.929533614593633,amy_Excit_B,0.849336310531389,2.2718134037933884,13,amy_Inhib_D/amy_Excit_B: 2.272,ENSG00000186732,MPPED1,TRUE
ENSG00000180440,amy_Inhib_D,0.6881832461245792,amy_Inhib_A,0.30468075998811406,2.258702670137182,14,amy_Inhib_D/amy_Inhib_A: 2.259,ENSG00000180440,SERTM1,TRUE
ENSG00000186314,amy_Inhib_D,2.1122826318605488,amy_Endo,0.9624885456440604,2.1946054749639545,15,amy_Inhib_D/amy_Endo: 2.195,ENSG00000186314,PRELID2,TRUE
ENSG00000117013,amy_Inhib_D,0.2758151467243056,amy_Inhib_B,0.12794200942255127,2.155782514040224,16,amy_Inhib_D/amy_Inhib_B: 2.156,ENSG00000117013,KCNQ4,TRUE
ENSG00000273301,amy_Inhib_D,0.3750337482026589,amy_Inhib_B,0.17415550428631563,2.1534418319968505,17,amy_Inhib_D/amy_Inhib_B: 2.153,ENSG00000273301,AC016717.2,TRUE
ENSG00000116649,amy_Inhib_D,0.49647555397463095,amy_Inhib_B,0.23305138911550827,2.1303265166489123,18,amy_Inhib_D/amy_Inhib_B: 2.13,ENSG00000116649,SRM,TRUE
ENSG00000089169,amy_Inhib_D,2.612305377063585,amy_Inhib_F,1.2726825917519253,2.0525977128889514,19,amy_Inhib_D/amy_Inhib_F: 2.053,ENSG00000089169,RPH3A,TRUE
ENSG00000162630,amy_Inhib_D,0.643260912061404,amy_Excit_B,0.3327116208243699,1.9333887721371936,20,amy_Inhib_D/amy_Excit_B: 1.933,ENSG00000162630,B3GALT2,TRUE
ENSG00000164951,amy_Inhib_D,0.5932183684155689,amy_Excit_A,0.30916050118196015,1.9188038774281293,21,amy_Inhib_D/amy_Excit_A: 1.919,ENSG00000164951,PDP1,TRUE
ENSG00000175352,amy_Inhib_D,1.3339113577437145,amy_Inhib_B,0.7226384432183464,1.84589038994798,22,amy_Inhib_D/amy_Inhib_B: 1.846,ENSG00000175352,NRIP3,TRUE
ENSG00000103460,amy_Inhib_D,1.651034847221549,amy_Inhib_F,0.9190865498864803,1.796386692227706,23,amy_Inhib_D/amy_Inhib_F: 1.796,ENSG00000103460,TOX3,TRUE
ENSG00000198785,amy_Inhib_D,1.8378651966141633,amy_Inhib_F,1.0438658597615276,1.7606334946465496,24,amy_Inhib_D/amy_Inhib_F: 1.761,ENSG00000198785,GRIN3A,TRUE
ENSG00000182968,amy_Inhib_D,0.37665863379627845,amy_Inhib_B,0.2143113636079434,1.7575299202767878,25,amy_Inhib_D/amy_Inhib_B: 1.758,ENSG00000182968,SOX1,TRUE
ENSG00000105695,amy_Oligo,1.231833925964555,amy_Micro,0.05490056399617314,22.43754592485462,1,amy_Oligo/amy_Micro: 22.438,ENSG00000105695,MAG,TRUE
ENSG00000086205,amy_Oligo,2.1809096325953936,amy_Micro,0.09744787224571565,22.380269392606245,2,amy_Oligo/amy_Micro: 22.38,ENSG00000086205,FOLH1,TRUE
ENSG00000164161,amy_Oligo,2.4648224550866025,amy_Micro,0.12906570865137415,19.097423171823724,3,amy_Oligo/amy_Micro: 19.097,ENSG00000164161,HHIP,TRUE
ENSG00000261329,amy_Oligo,1.002355698058553,amy_Excit_B,0.05447107176367518,18.401615125314798,4,amy_Oligo/amy_Excit_B: 18.402,ENSG00000261329,AC016597.1,TRUE
ENSG00000158865,amy_Oligo,1.6086815755822235,amy_Astro_B,0.08938517865405304,17.997184766037048,5,amy_Oligo/amy_Astro_B: 17.997,ENSG00000158865,SLC5A11,TRUE
ENSG00000150656,amy_Oligo,2.2036643538109817,amy_Micro,0.12948123014873453,17.019179932717986,6,amy_Oligo/amy_Micro: 17.019,ENSG00000150656,CNDP1,TRUE
ENSG00000204278,amy_Oligo,0.7728104917917213,amy_Mural,0.04586382353500514,16.85011044057155,7,amy_Oligo/amy_Mural: 16.85,ENSG00000204278,TMEM235,TRUE
ENSG00000197430,amy_Oligo,1.7877211986041974,amy_Micro,0.10630028237657584,16.81765239598401,8,amy_Oligo/amy_Micro: 16.818,ENSG00000197430,OPALIN,TRUE
ENSG00000124920,amy_Oligo,1.7714825075477179,amy_Endo,0.11092974332467018,15.969409596152465,9,amy_Oligo/amy_Endo: 15.969,ENSG00000124920,MYRF,TRUE
ENSG00000071991,amy_Oligo,1.2408299617293463,amy_Excit_B,0.07798914226205807,15.910291173095944,10,amy_Oligo/amy_Excit_B: 15.91,ENSG00000071991,CDH19,TRUE
ENSG00000260788,amy_Oligo,0.9174486794941059,amy_Micro,0.058521813579633375,15.677037729626928,11,amy_Oligo/amy_Micro: 15.677,ENSG00000260788,AC009063.2,TRUE
ENSG00000168314,amy_Oligo,3.354402796154826,amy_Mural,0.2176731772164855,15.410271669893097,12,amy_Oligo/amy_Mural: 15.41,ENSG00000168314,MOBP,TRUE
ENSG00000204655,amy_Oligo,2.3828418266489186,amy_OPC,0.16060117493723305,14.83701366182528,13,amy_Oligo/amy_OPC: 14.837,ENSG00000204655,MOG,TRUE
ENSG00000012124,amy_Oligo,1.8813887861995868,amy_Tcell,0.1378384370585324,13.649231856863441,14,amy_Oligo/amy_Tcell: 13.649,ENSG00000012124,CD22,TRUE
ENSG00000251138,amy_Oligo,1.617334158885756,amy_Excit_B,0.11854470201520663,13.643242856001175,15,amy_Oligo/amy_Excit_B: 13.643,ENSG00000251138,AC090502.1,TRUE
ENSG00000227392,amy_Oligo,0.9160957849894183,amy_Astro_B,0.07004821943055228,13.078073824526841,16,amy_Oligo/amy_Astro_B: 13.078,ENSG00000227392,HPN-AS1,TRUE
ENSG00000273507,amy_Oligo,1.832669194673237,amy_Excit_B,0.1443713348442928,12.694134861673234,17,amy_Oligo/amy_Excit_B: 12.694,ENSG00000273507,AL354809.1,TRUE
ENSG00000136960,amy_Oligo,3.103402283471201,amy_Inhib_G,0.27438235741599004,11.310502295765849,18,amy_Oligo/amy_Inhib_G: 11.311,ENSG00000136960,ENPP2,TRUE
ENSG00000148826,amy_Oligo,0.7293682850791275,amy_Tcell,0.06980375324099,10.448840516656196,19,amy_Oligo/amy_Tcell: 10.449,ENSG00000148826,NKX6-2,TRUE
ENSG00000169247,amy_Oligo,1.6086253420056078,amy_Endo,0.16265030136695774,9.890085222629649,20,amy_Oligo/amy_Endo: 9.89,ENSG00000169247,SH3TC2,TRUE
ENSG00000124251,amy_Oligo,1.2234283479456947,amy_Mural,0.12460488758437385,9.818461953326455,21,amy_Oligo/amy_Mural: 9.818,ENSG00000124251,TP53TG5,TRUE
ENSG00000172508,amy_Oligo,0.985740863960071,amy_Tcell,0.10068088652169321,9.790744778033696,22,amy_Oligo/amy_Tcell: 9.791,ENSG00000172508,CARNS1,TRUE
ENSG00000154864,amy_Oligo,1.9613128266503232,amy_Micro,0.22266629534976906,8.80830582630142,24,amy_Oligo/amy_Micro: 8.808,ENSG00000154864,PIEZO2,TRUE
ENSG00000167123,amy_Oligo,2.3300719808692407,amy_Excit_B,0.26930697743768695,8.652104015420022,25,amy_Oligo/amy_Excit_B: 8.652,ENSG00000167123,CERCAM,TRUE
ENSG00000250156,amy_Astro_A,0.787327903059328,amy_Astro_B,0.14068178653123417,5.596516240462481,1,amy_Astro_A/amy_Astro_B: 5.597,ENSG00000250156,LINC02060,TRUE
ENSG00000156076,amy_Astro_A,0.9579103246908734,amy_Inhib_F,0.18140097652783307,5.280623858956445,2,amy_Astro_A/amy_Inhib_F: 5.281,ENSG00000156076,WIF1,TRUE
ENSG00000248429,amy_Astro_A,1.193338167227662,amy_Astro_B,0.2296354973712611,5.196662453707422,3,amy_Astro_A/amy_Astro_B: 5.197,ENSG00000248429,FAM198B-AS1,TRUE
ENSG00000164344,amy_Astro_A,0.6247484195545027,amy_Astro_B,0.13520125666775806,4.62087731247759,4,amy_Astro_A/amy_Astro_B: 4.621,ENSG00000164344,KLKB1,TRUE
ENSG00000152661,amy_Astro_A,1.5766731503815128,amy_Astro_B,0.4167832333921823,3.7829572402637988,5,amy_Astro_A/amy_Astro_B: 3.783,ENSG00000152661,GJA1,TRUE
ENSG00000263400,amy_Astro_A,0.6305393636866494,amy_Astro_B,0.1702914231495289,3.702707699688361,6,amy_Astro_A/amy_Astro_B: 3.703,ENSG00000263400,TMEM220-AS1,TRUE
ENSG00000225472,amy_Astro_A,0.7070035065537473,amy_OPC,0.1961283979222105,3.60479927457605,7,amy_Astro_A/amy_OPC: 3.605,ENSG00000225472,AL136366.1,TRUE
ENSG00000148482,amy_Astro_A,0.6197182991558832,amy_Astro_B,0.18637788490271964,3.325063483145259,8,amy_Astro_A/amy_Astro_B: 3.325,ENSG00000148482,SLC39A12,TRUE
ENSG00000172201,amy_Astro_A,1.1508451294997086,amy_Astro_B,0.35476791133196495,3.243938058487017,9,amy_Astro_A/amy_Astro_B: 3.244,ENSG00000172201,ID4,TRUE
ENSG00000137561,amy_Astro_A,0.7472930122876225,amy_Inhib_B,0.23046932046066299,3.2424836884750223,10,amy_Astro_A/amy_Inhib_B: 3.242,ENSG00000137561,TTPA,TRUE
ENSG00000089472,amy_Astro_A,0.6987556285130009,amy_Mural,0.21563316297195173,3.2404831375769914,11,amy_Astro_A/amy_Mural: 3.24,ENSG00000089472,HEPH,TRUE
ENSG00000119927,amy_Astro_A,0.8046068605202451,amy_Endo,0.2487160210072997,3.2350423477409613,12,amy_Astro_A/amy_Endo: 3.235,ENSG00000119927,GPAM,TRUE
ENSG00000253642,amy_Astro_A,2.31456507305743,amy_Astro_B,0.7252019475878462,3.191614529933483,13,amy_Astro_A/amy_Astro_B: 3.192,ENSG00000253642,AF279873.3,TRUE
ENSG00000271904,amy_Astro_A,2.255687045590502,amy_Astro_B,0.7135258947921443,3.16132471442764,14,amy_Astro_A/amy_Astro_B: 3.161,ENSG00000271904,AC091826.2,TRUE
ENSG00000275294,amy_Astro_A,0.8003993683517783,amy_Oligo,0.2534854965625615,3.1575746115882244,15,amy_Astro_A/amy_Oligo: 3.158,ENSG00000275294,LINC02340,TRUE
ENSG00000106571,amy_Astro_A,2.704688526731589,amy_Astro_B,0.8722059422672674,3.100974661673194,16,amy_Astro_A/amy_Astro_B: 3.101,ENSG00000106571,GLI3,TRUE
ENSG00000119938,amy_Astro_A,1.0516895082020896,amy_Astro_B,0.3457273382709931,3.041962239554625,17,amy_Astro_A/amy_Astro_B: 3.042,ENSG00000119938,PPP1R3C,TRUE
ENSG00000136160,amy_Astro_A,0.9450948996441596,amy_Mural,0.3120419751083,3.028742845625646,18,amy_Astro_A/amy_Mural: 3.029,ENSG00000136160,EDNRB,TRUE
ENSG00000139155,amy_Astro_A,1.4207047773138624,amy_Mural,0.48033813876682296,2.957718037883172,19,amy_Astro_A/amy_Mural: 2.958,ENSG00000139155,SLCO1C1,TRUE
ENSG00000146005,amy_Astro_A,1.4313855606010468,amy_OPC,0.4888198287654269,2.9282477435831167,20,amy_Astro_A/amy_OPC: 2.928,ENSG00000146005,PSD2,TRUE
ENSG00000152620,amy_Astro_A,0.973841160512396,amy_Mural,0.3364117528602875,2.89478935332213,21,amy_Astro_A/amy_Mural: 2.895,ENSG00000152620,NADK2,TRUE
ENSG00000169439,amy_Astro_A,1.0616343939552968,amy_Inhib_E,0.3765664172089624,2.8192487312701067,22,amy_Astro_A/amy_Inhib_E: 2.819,ENSG00000169439,SDC2,TRUE
ENSG00000148672,amy_Astro_A,2.238750357449851,amy_Mural,0.7943062572057693,2.8184976980105683,23,amy_Astro_A/amy_Mural: 2.818,ENSG00000148672,GLUD1,TRUE
ENSG00000164188,amy_Astro_A,2.0861938324656983,amy_Astro_B,0.7473963567169777,2.791281779362076,24,amy_Astro_A/amy_Astro_B: 2.791,ENSG00000164188,RANBP3L,TRUE
ENSG00000162836,amy_Astro_A,0.7061570827189799,amy_Inhib_A,0.2531462408415768,2.7895222949840486,25,amy_Astro_A/amy_Inhib_A: 2.79,ENSG00000162836,ACP6,TRUE
ENSG00000162817,amy_Excit_A,0.18432820457586843,amy_Inhib_C,0.05570162349970214,3.309207039124346,1,amy_Excit_A/amy_Inhib_C: 3.309,ENSG00000162817,C1orf115,TRUE
ENSG00000115194,amy_Excit_A,0.49479883905144156,amy_Excit_C,0.217024829854582,2.2799181060664013,2,amy_Excit_A/amy_Excit_C: 2.28,ENSG00000115194,SLC30A3,TRUE
ENSG00000248455,amy_Excit_A,0.4010480354126582,amy_Excit_C,0.1829419723726187,2.1922144503602383,3,amy_Excit_A/amy_Excit_C: 2.192,ENSG00000248455,LINC02217,TRUE
ENSG00000171246,amy_Excit_A,0.6741839857164037,amy_Excit_C,0.31441127466514285,2.1442742040164724,4,amy_Excit_A/amy_Excit_C: 2.144,ENSG00000171246,NPTX1,TRUE
ENSG00000261193,amy_Excit_A,0.21086186408743,amy_Excit_C,0.106490883859987,1.980093097590107,5,amy_Excit_A/amy_Excit_C: 1.98,ENSG00000261193,AC134312.4,TRUE
ENSG00000227906,amy_Excit_A,0.7447162197568942,amy_Inhib_F,0.3805611269292939,1.9568898845920704,6,amy_Excit_A/amy_Inhib_F: 1.957,ENSG00000227906,SNAP25-AS1,TRUE
ENSG00000277586,amy_Excit_A,0.44323419620326787,amy_Excit_C,0.2330231030379943,1.9021040850657573,8,amy_Excit_A/amy_Excit_C: 1.902,ENSG00000277586,NEFL,TRUE
ENSG00000122733,amy_Excit_A,0.23718573330869328,amy_Inhib_A,0.12561222165833044,1.8882377063105102,9,amy_Excit_A/amy_Inhib_A: 1.888,ENSG00000122733,PHF24,TRUE
ENSG00000128245,amy_Excit_A,0.5432833235223862,amy_Excit_C,0.2898508192020014,1.8743549699742745,10,amy_Excit_A/amy_Excit_C: 1.874,ENSG00000128245,YWHAH,TRUE
ENSG00000180979,amy_Excit_A,0.21627508757100516,amy_Endo,0.11669653775926743,1.8533119467276544,11,amy_Excit_A/amy_Endo: 1.853,ENSG00000180979,LRRC57,TRUE
ENSG00000112210,amy_Excit_A,0.22876014280459053,amy_Inhib_D,0.1239242793796717,1.8459671014404617,12,amy_Excit_A/amy_Inhib_D: 1.846,ENSG00000112210,RAB23,TRUE
ENSG00000158008,amy_Excit_A,0.22497153303327425,amy_Excit_C,0.12200430613075922,1.8439638744566849,13,amy_Excit_A/amy_Excit_C: 1.844,ENSG00000158008,EXTL1,TRUE
ENSG00000175772,amy_Excit_A,0.16658004850736102,amy_Excit_C,0.09780512320693607,1.703183259172538,16,amy_Excit_A/amy_Excit_C: 1.703,ENSG00000175772,LINC01106,TRUE
ENSG00000184307,amy_Excit_A,0.3174392252995264,amy_Excit_C,0.19538552665547,1.6246813708943646,18,amy_Excit_A/amy_Excit_C: 1.625,ENSG00000184307,ZDHHC23,TRUE
ENSG00000141668,amy_Excit_A,0.5852987063461491,amy_Excit_C,0.3603586660954751,1.6242115464792994,19,amy_Excit_A/amy_Excit_C: 1.624,ENSG00000141668,CBLN2,TRUE
ENSG00000147655,amy_Excit_A,0.37450079040395107,amy_Excit_C,0.23381011823449832,1.6017304692876806,20,amy_Excit_A/amy_Excit_C: 1.602,ENSG00000147655,RSPO2,TRUE
ENSG00000106367,amy_Excit_A,0.189717674772289,amy_Endo,0.12120080830875843,1.5653169101726139,22,amy_Excit_A/amy_Endo: 1.565,ENSG00000106367,AP1S1,TRUE
ENSG00000162545,amy_Excit_A,1.6078566895128783,amy_Excit_C,1.0350484266286495,1.553412041550534,23,amy_Excit_A/amy_Excit_C: 1.553,ENSG00000162545,CAMK2N1,TRUE
ENSG00000103174,amy_Excit_A,0.35678282846865383,amy_Excit_C,0.23002582066425262,1.5510555616685167,24,amy_Excit_A/amy_Excit_C: 1.551,ENSG00000103174,NAGPA,TRUE
ENSG00000119535,amy_Micro,1.6463109001466902,amy_Inhib_F,0.009309824930050437,176.8358602354267,1,amy_Micro/amy_Inhib_F: 176.836,ENSG00000119535,CSF3R,TRUE
ENSG00000232591,amy_Micro,1.6767305020913756,amy_Inhib_F,0.011550637623623116,145.16345822001745,2,amy_Micro/amy_Inhib_F: 145.163,ENSG00000232591,AL139125.1,TRUE
ENSG00000105967,amy_Micro,1.1173680992131647,amy_Inhib_D,0.010145943838104207,110.12953718674906,3,amy_Micro/amy_Inhib_D: 110.13,ENSG00000105967,TFEC,TRUE
ENSG00000114013,amy_Micro,1.523925378066151,amy_Inhib_H,0.015271142231359695,99.7911849014627,4,amy_Micro/amy_Inhib_H: 99.791,ENSG00000114013,CD86,TRUE
ENSG00000140678,amy_Micro,1.5494952618096764,amy_Inhib_C,0.019735968821407296,78.51123376973332,5,amy_Micro/amy_Inhib_C: 78.511,ENSG00000140678,ITGAX,TRUE
ENSG00000253988,amy_Micro,1.4018393616701532,amy_Inhib_F,0.017869891944520648,78.44699710677277,6,amy_Micro/amy_Inhib_F: 78.447,ENSG00000253988,AC079015.1,TRUE
ENSG00000250125,amy_Micro,2.007760724109331,amy_Inhib_C,0.027675912920741133,72.54541990572086,7,amy_Micro/amy_Inhib_C: 72.545,ENSG00000250125,LINC02232,TRUE
ENSG00000227502,amy_Micro,0.94498955614858,amy_OPC,0.014838224088424988,63.68616288021611,8,amy_Micro/amy_OPC: 63.686,ENSG00000227502,LINC01268,TRUE
ENSG00000042980,amy_Micro,3.3013533893494693,amy_Tcell,0.06488566501945311,50.87954925575169,9,amy_Micro/amy_Tcell: 50.88,ENSG00000042980,ADAM28,TRUE
ENSG00000112799,amy_Micro,2.5256079644843323,amy_Endo,0.050146006722231545,50.36508646589078,10,amy_Micro/amy_Endo: 50.365,ENSG00000112799,LY86,TRUE
ENSG00000101336,amy_Micro,1.4567353401527654,amy_Inhib_F,0.02983468248899769,48.82690944306091,11,amy_Micro/amy_Inhib_F: 48.827,ENSG00000101336,HCK,TRUE
ENSG00000165025,amy_Micro,2.793318155659615,amy_Tcell,0.07973948894759822,35.03055001387428,12,amy_Micro/amy_Tcell: 35.031,ENSG00000165025,SYK,TRUE
ENSG00000169313,amy_Micro,3.5141651352103134,amy_OPC,0.10386748431412574,33.833159226062,13,amy_Micro/amy_OPC: 33.833,ENSG00000169313,P2RY12,TRUE
ENSG00000260314,amy_Micro,1.2137893551733525,amy_Inhib_G,0.037791379026398814,32.11815462795023,14,amy_Micro/amy_Inhib_G: 32.118,ENSG00000260314,MRC1,TRUE
ENSG00000236963,amy_Micro,1.7731661558188343,amy_Excit_A,0.05822850314628856,30.451858797813774,15,amy_Micro/amy_Excit_A: 30.452,ENSG00000236963,LINC01141,TRUE
ENSG00000137462,amy_Micro,0.9620954449312593,amy_Astro_A,0.032948191670660605,29.20025033689412,16,amy_Micro/amy_Astro_A: 29.2,ENSG00000137462,TLR2,TRUE
ENSG00000273409,amy_Micro,2.532475399848907,amy_Inhib_E,0.08675962097957574,29.189562739619188,17,amy_Micro/amy_Inhib_E: 29.19,ENSG00000273409,AP003481.1,TRUE
ENSG00000150782,amy_Micro,1.3355780423348507,amy_Endo,0.050146006722231545,26.633786609029038,18,amy_Micro/amy_Endo: 26.634,ENSG00000150782,IL18,TRUE
ENSG00000095585,amy_Micro,2.6184029047304676,amy_Tcell,0.10003002023570949,26.176170899101045,19,amy_Micro/amy_Tcell: 26.176,ENSG00000095585,BLNK,TRUE
ENSG00000237152,amy_Micro,1.9208970974635,amy_Oligo,0.07541536525216383,25.470898284993524,21,amy_Micro/amy_Oligo: 25.471,ENSG00000237152,DLEU7-AS1,TRUE
ENSG00000228651,amy_Micro,2.140302601085567,amy_Inhib_H,0.08532426900589336,25.084335629499922,22,amy_Micro/amy_Inhib_H: 25.084,ENSG00000228651,AC074327.1,TRUE
ENSG00000168329,amy_Micro,2.500391105994008,amy_Endo,0.10032866641901854,24.922000812322448,23,amy_Micro/amy_Endo: 24.922,ENSG00000168329,CX3CR1,TRUE
ENSG00000163106,amy_Micro,1.1050122029974832,amy_Tcell,0.04797981881641736,23.030770650167163,24,amy_Micro/amy_Tcell: 23.031,ENSG00000163106,HPGDS,TRUE
ENSG00000012779,amy_Micro,1.6223396129933996,amy_OPC,0.0828862237924752,19.573091145463465,25,amy_Micro/amy_OPC: 19.573,ENSG00000012779,ALOX5,TRUE
ENSG00000144230,amy_OPC,0.611319118904518,amy_Oligo,0.013353819705219148,45.778596117004085,1,amy_OPC/amy_Oligo: 45.779,ENSG00000144230,GPR17,TRUE
ENSG00000278254,amy_OPC,3.106515130630181,amy_Inhib_F,0.12784110876031157,24.299813735615864,2,amy_OPC/amy_Inhib_F: 24.3,ENSG00000278254,AC004852.2,TRUE
ENSG00000101311,amy_OPC,1.1794547946208105,amy_Inhib_B,0.08167601364064472,14.440650835508874,3,amy_OPC/amy_Inhib_B: 14.441,ENSG00000101311,FERMT1,TRUE
ENSG00000064270,amy_OPC,1.3059492150226597,amy_Excit_C,0.11650762230574256,11.209131121014137,5,amy_OPC/amy_Excit_C: 11.209,ENSG00000064270,ATP2C2,TRUE
ENSG00000112280,amy_OPC,1.3834051864964276,amy_Mural,0.12490931462508452,11.075276416724567,6,amy_OPC/amy_Mural: 11.075,ENSG00000112280,COL9A1,TRUE
ENSG00000197299,amy_OPC,0.7950521605715413,amy_Tcell,0.0772402739513859,10.293233308208325,7,amy_OPC/amy_Tcell: 10.293,ENSG00000197299,BLM,TRUE
ENSG00000257842,amy_OPC,1.6622932252472407,amy_Inhib_C,0.1630956030092853,10.192140036740314,8,amy_OPC/amy_Inhib_C: 10.192,ENSG00000257842,LINC02588,TRUE
ENSG00000065320,amy_OPC,1.4638757629563777,amy_Inhib_F,0.19827613351106996,7.383015479644947,9,amy_OPC/amy_Inhib_F: 7.383,ENSG00000065320,NTN1,TRUE
ENSG00000127325,amy_OPC,0.6148315374398916,amy_Inhib_F,0.09321253853474648,6.596017521942106,10,amy_OPC/amy_Inhib_F: 6.596,ENSG00000127325,BEST3,TRUE
ENSG00000157890,amy_OPC,3.2968043538745255,amy_Excit_B,0.5595143002584767,5.89226111352563,11,amy_OPC/amy_Excit_B: 5.892,ENSG00000157890,MEGF11,TRUE
ENSG00000169302,amy_OPC,1.8729927263804769,amy_Excit_B,0.3681304702784306,5.087850307430036,12,amy_OPC/amy_Excit_B: 5.088,ENSG00000169302,STK32A,TRUE
ENSG00000196132,amy_OPC,1.6212479675295983,amy_Excit_B,0.38950306227679704,4.16234973366518,13,amy_OPC/amy_Excit_B: 4.162,ENSG00000196132,MYT1,TRUE
ENSG00000134853,amy_OPC,0.8752157302894867,amy_Inhib_D,0.21874294603966074,4.001115218274511,14,amy_OPC/amy_Inhib_D: 4.001,ENSG00000134853,PDGFRA,TRUE
ENSG00000175093,amy_OPC,0.5585966855127673,amy_Mural,0.14385232581250187,3.8831258539458453,15,amy_OPC/amy_Mural: 3.883,ENSG00000175093,SPSB4,TRUE
ENSG00000198732,amy_OPC,2.6811290075086673,amy_Inhib_B,0.7183918523997622,3.7321261349950614,16,amy_OPC/amy_Inhib_B: 3.732,ENSG00000198732,SMOC1,TRUE
ENSG00000141314,amy_OPC,1.1831464446659485,amy_Astro_A,0.34784937313213626,3.4013183177895536,18,amy_OPC/amy_Astro_A: 3.401,ENSG00000141314,RHBDL3,TRUE
ENSG00000162512,amy_OPC,1.063756917589611,amy_Inhib_A,0.35639913395451683,2.9847348555155757,19,amy_OPC/amy_Inhib_A: 2.985,ENSG00000162512,SDC3,TRUE
ENSG00000152128,amy_OPC,1.9051997816225428,amy_Excit_A,0.6386148025369107,2.983331695497969,20,amy_OPC/amy_Excit_A: 2.983,ENSG00000152128,TMEM163,TRUE
ENSG00000157734,amy_OPC,0.5383876135302793,amy_Oligo,0.18444164959004247,2.9190132203162937,21,amy_OPC/amy_Oligo: 2.919,ENSG00000157734,SNX22,TRUE
ENSG00000205927,amy_OPC,0.6141034379463561,amy_Oligo,0.21918715586684612,2.801730947772403,22,amy_OPC/amy_Oligo: 2.802,ENSG00000205927,OLIG2,TRUE
ENSG00000114200,amy_OPC,0.892064013341093,amy_Inhib_F,0.31854051580118925,2.800472684290676,23,amy_OPC/amy_Inhib_F: 2.8,ENSG00000114200,BCHE,TRUE
ENSG00000152527,amy_OPC,1.45216978972177,amy_Mural,0.5282584772014912,2.7489758373870363,24,amy_OPC/amy_Mural: 2.749,ENSG00000152527,PLEKHH2,TRUE
ENSG00000174945,amy_OPC,1.6334908143890683,amy_Inhib_E,0.604730474506223,2.7011881875522366,25,amy_OPC/amy_Inhib_E: 2.701,ENSG00000174945,AMZ1,TRUE
ENSG00000164692,amy_Mural,0.9172212461408041,amy_Inhib_E,0.00594279848283455,154.34163698973603,1,amy_Mural/amy_Inhib_E: 154.342,ENSG00000164692,COL1A2,TRUE
ENSG00000112837,amy_Mural,1.2742729676744702,amy_Inhib_H,0.01460317474646275,87.2599958432416,2,amy_Mural/amy_Inhib_H: 87.26,ENSG00000112837,TBX18,TRUE
ENSG00000173918,amy_Mural,1.3839983975951033,amy_Inhib_F,0.017733865353319236,78.04268105238891,3,amy_Mural/amy_Inhib_F: 78.043,ENSG00000173918,C1QTNF1,TRUE
ENSG00000243620,amy_Mural,3.259215091891056,amy_Excit_C,0.04361309942979359,74.73018736349142,4,amy_Mural/amy_Excit_C: 74.73,ENSG00000243620,AC092957.1,TRUE
ENSG00000182963,amy_Mural,1.946129723103475,amy_Excit_B,0.03278575419256761,59.35900426974636,5,amy_Mural/amy_Excit_B: 59.359,ENSG00000182963,GJC1,TRUE
ENSG00000111181,amy_Mural,2.6987498562020464,amy_Oligo,0.0719917947093785,37.48690898867778,6,amy_Mural/amy_Oligo: 37.487,ENSG00000111181,SLC6A12,TRUE
ENSG00000042062,amy_Mural,1.7681081494813793,amy_Excit_B,0.052654987704212876,33.57911997650917,7,amy_Mural/amy_Excit_B: 33.579,ENSG00000042062,RIPOR3,TRUE
ENSG00000249669,amy_Mural,2.443685752091556,amy_Endo,0.09855755682609772,24.79450415358182,9,amy_Mural/amy_Endo: 24.795,ENSG00000249669,CARMN,TRUE
ENSG00000074181,amy_Mural,2.6290114688394266,amy_Endo,0.12082242346868713,21.75930090924532,10,amy_Mural/amy_Endo: 21.759,ENSG00000074181,NOTCH3,TRUE
ENSG00000151617,amy_Mural,1.316981785639494,amy_Inhib_B,0.07130927060887607,18.46859145233727,11,amy_Mural/amy_Inhib_B: 18.469,ENSG00000151617,EDNRA,TRUE
ENSG00000010379,amy_Mural,2.786957940290603,amy_Excit_C,0.16486695948705968,16.904284211715265,12,amy_Mural/amy_Excit_C: 16.904,ENSG00000010379,SLC6A13,TRUE
ENSG00000011465,amy_Mural,2.218275187566921,amy_Inhib_B,0.1491631315288476,14.87147101854666,13,amy_Mural/amy_Inhib_B: 14.871,ENSG00000011465,DCN,TRUE
ENSG00000173638,amy_Mural,2.497623852009579,amy_Excit_B,0.1679989433946875,14.866902145579562,14,amy_Mural/amy_Excit_B: 14.867,ENSG00000173638,SLC19A1,TRUE
ENSG00000003436,amy_Mural,1.8178211821349444,amy_Endo,0.12791311222602444,14.21137481920404,15,amy_Mural/amy_Endo: 14.211,ENSG00000003436,TFPI,TRUE
ENSG00000188783,amy_Mural,1.3325304347808895,amy_Astro_A,0.10750200290650853,12.395401004200394,16,amy_Mural/amy_Astro_A: 12.395,ENSG00000188783,PRELP,TRUE
ENSG00000152977,amy_Mural,1.7309287187716413,amy_Oligo,0.14033281922221902,12.334454109631269,17,amy_Mural/amy_Oligo: 12.334,ENSG00000152977,ZIC1,TRUE
ENSG00000174944,amy_Mural,1.7775885256444868,amy_Astro_A,0.15958501144182438,11.138818799987957,18,amy_Mural/amy_Astro_A: 11.139,ENSG00000174944,P2RY14,TRUE
ENSG00000185633,amy_Mural,1.1157878050528687,amy_Endo,0.10777485579847931,10.352951036549772,19,amy_Mural/amy_Endo: 10.353,ENSG00000185633,NDUFA4L2,TRUE
ENSG00000113504,amy_Mural,2.0782563015628743,amy_Micro,0.20879246279684477,9.953694083224734,20,amy_Mural/amy_Micro: 9.954,ENSG00000113504,SLC12A7,TRUE
ENSG00000160801,amy_Mural,2.328203723807975,amy_Astro_B,0.2620996124842446,8.88289647489627,21,amy_Mural/amy_Astro_B: 8.883,ENSG00000160801,PTH1R,TRUE
ENSG00000111452,amy_Mural,2.2628728652442955,amy_Micro,0.261715145215137,8.646319888687191,22,amy_Mural/amy_Micro: 8.646,ENSG00000111452,ADGRD1,TRUE
ENSG00000164850,amy_Mural,1.16116321411683,amy_Endo,0.15712218259515506,7.390192746422777,23,amy_Mural/amy_Endo: 7.39,ENSG00000164850,GPER1,TRUE
ENSG00000083444,amy_Mural,1.2881611464174867,amy_Endo,0.18164965560215351,7.091459337741872,24,amy_Mural/amy_Endo: 7.091,ENSG00000083444,PLOD1,TRUE
ENSG00000188290,amy_Mural,1.1022950187123848,amy_Astro_A,0.1585877185967444,6.950695983686429,25,amy_Mural/amy_Astro_A: 6.951,ENSG00000188290,HES4,TRUE
ENSG00000099715,amy_Inhib_C,2.729153152925304,amy_Inhib_D,0.8764455215012846,3.113887955352287,1,amy_Inhib_C/amy_Inhib_D: 3.114,ENSG00000099715,PCDH11Y,TRUE
ENSG00000038295,amy_Inhib_C,1.5371383100424314,amy_Inhib_A,0.5273216153161554,2.9149920378682768,2,amy_Inhib_C/amy_Inhib_A: 2.915,ENSG00000038295,TLL1,TRUE
ENSG00000056291,amy_Inhib_C,1.0687045681978338,amy_Excit_C,0.5435057129006445,1.9663170833922736,3,amy_Inhib_C/amy_Excit_C: 1.966,ENSG00000056291,NPFFR2,TRUE
ENSG00000179981,amy_Inhib_C,1.5666714491667915,amy_Tcell,0.8608988026348486,1.8198090697441673,4,amy_Inhib_C/amy_Tcell: 1.82,ENSG00000179981,TSHZ1,TRUE
ENSG00000102290,amy_Inhib_C,3.2875138822538528,amy_Inhib_H,1.8789317412428492,1.7496718002535177,5,amy_Inhib_C/amy_Inhib_H: 1.75,ENSG00000102290,PCDH11X,TRUE
ENSG00000167081,amy_Inhib_C,2.4991737291210803,amy_Inhib_E,1.4297945125749607,1.7479251089166945,6,amy_Inhib_C/amy_Inhib_E: 1.748,ENSG00000167081,PBX3,TRUE
ENSG00000065485,amy_Inhib_C,0.6967399488056133,amy_Inhib_D,0.45209125498587477,1.5411489187672573,7,amy_Inhib_C/amy_Inhib_D: 1.541,ENSG00000065485,PDIA5,TRUE
ENSG00000082684,amy_Inhib_C,1.1458981041648095,amy_Excit_B,0.7536522042664373,1.5204600977451692,8,amy_Inhib_C/amy_Excit_B: 1.52,ENSG00000082684,SEMA5B,TRUE
ENSG00000283503,amy_Inhib_C,0.38977942823767575,amy_Inhib_E,0.2661716074065164,1.4643914579603399,9,amy_Inhib_C/amy_Inhib_E: 1.464,ENSG00000283503,LINC01902,TRUE
ENSG00000151812,amy_Inhib_C,1.9504974438297809,amy_Inhib_B,1.3347658272943195,1.461303101970778,10,amy_Inhib_C/amy_Inhib_B: 1.461,ENSG00000151812,SLC35F4,TRUE
ENSG00000183317,amy_Inhib_C,0.5336624838379396,amy_Excit_A,0.4080064181397909,1.3079757084975474,11,amy_Inhib_C/amy_Excit_A: 1.308,ENSG00000183317,EPHA10,TRUE
ENSG00000113966,amy_Inhib_C,0.7384962947815875,amy_Excit_C,0.6268929227966538,1.1780262113776243,12,amy_Inhib_C/amy_Excit_C: 1.178,ENSG00000113966,ARL6,TRUE
ENSG00000246662,amy_Inhib_C,0.583285094193777,amy_Excit_A,0.4967570682242349,1.1741857972526797,13,amy_Inhib_C/amy_Excit_A: 1.174,ENSG00000246662,LINC00535,TRUE
ENSG00000142949,amy_Inhib_C,0.7491064497402128,amy_Inhib_G,0.6385414150087894,1.173152488049505,14,amy_Inhib_C/amy_Inhib_G: 1.173,ENSG00000142949,PTPRF,TRUE
ENSG00000169570,amy_Inhib_C,0.6438409987322598,amy_OPC,0.5534126179515659,1.1634013715036182,15,amy_Inhib_C/amy_OPC: 1.163,ENSG00000169570,DTWD2,TRUE
ENSG00000147364,amy_Inhib_C,0.5890180498577717,amy_Excit_B,0.5112379946739349,1.1521405998657133,16,amy_Inhib_C/amy_Excit_B: 1.152,ENSG00000147364,FBXO25,TRUE
ENSG00000281392,amy_Inhib_C,0.46026893361722654,amy_Excit_B,0.4012496177214984,1.1470887778806373,17,amy_Inhib_C/amy_Excit_B: 1.147,ENSG00000281392,AC107204.1,TRUE
ENSG00000107614,amy_Inhib_C,0.40584235911682737,amy_Excit_B,0.35777549027326505,1.1343492501592252,18,amy_Inhib_C/amy_Excit_B: 1.134,ENSG00000107614,TRDMT1,TRUE
ENSG00000136478,amy_Inhib_C,0.5393371314766064,amy_Inhib_B,0.483299762786497,1.1159474367771718,19,amy_Inhib_C/amy_Inhib_B: 1.116,ENSG00000136478,TEX2,TRUE
ENSG00000151025,amy_Inhib_C,2.393630288000255,amy_Inhib_E,2.15087519783733,1.112863401096917,20,amy_Inhib_C/amy_Inhib_E: 1.113,ENSG00000151025,GPR158,TRUE
ENSG00000103591,amy_Inhib_C,0.44571892131082,amy_Endo,0.4010002724258028,1.1115177518820554,21,amy_Inhib_C/amy_Endo: 1.112,ENSG00000103591,AAGAB,TRUE
ENSG00000080224,amy_Inhib_C,4.144248445283191,amy_Excit_B,3.7300597166365796,1.111040776853859,22,amy_Inhib_C/amy_Excit_B: 1.111,ENSG00000080224,EPHA6,TRUE
ENSG00000143995,amy_Inhib_C,1.1617988074876853,amy_Oligo,1.0516125082162011,1.104778422099969,23,amy_Inhib_C/amy_Oligo: 1.105,ENSG00000143995,MEIS1,TRUE
ENSG00000070729,amy_Inhib_C,0.6530547562663026,amy_Inhib_A,0.5937930573515311,1.0998019397180119,24,amy_Inhib_C/amy_Inhib_A: 1.1,ENSG00000070729,CNGB1,TRUE
ENSG00000118733,amy_Inhib_C,2.2690554256060134,amy_Excit_A,2.0668312751287483,1.0978426023017616,25,amy_Inhib_C/amy_Excit_A: 1.098,ENSG00000118733,OLFM3,TRUE
ENSG00000251450,amy_Inhib_F,0.33518810411051436,amy_Inhib_G,0.08772539172979714,3.8208789667525997,1,amy_Inhib_F/amy_Inhib_G: 3.821,ENSG00000251450,RASGRF2-AS1,TRUE
ENSG00000172554,amy_Inhib_F,1.3323638095085755,amy_Inhib_E,0.3526707223962327,3.7779257672873614,2,amy_Inhib_F/amy_Inhib_E: 3.778,ENSG00000172554,SNTG2,TRUE
ENSG00000106852,amy_Inhib_F,0.9761019906301279,amy_Endo,0.290112899427894,3.364559082188391,4,amy_Inhib_F/amy_Endo: 3.365,ENSG00000106852,LHX6,TRUE
ENSG00000136546,amy_Inhib_F,0.7146428938687432,amy_Inhib_B,0.3609186139716093,1.9800666028407135,6,amy_Inhib_F/amy_Inhib_B: 1.98,ENSG00000136546,SCN7A,TRUE
ENSG00000170745,amy_Inhib_F,0.48450673766951075,amy_OPC,0.2627234473862088,1.844170143509407,7,amy_Inhib_F/amy_OPC: 1.844,ENSG00000170745,KCNS3,TRUE
ENSG00000267662,amy_Inhib_F,0.5499934290692278,amy_Mural,0.3036400731523159,1.8113334757146264,9,amy_Inhib_F/amy_Mural: 1.811,ENSG00000267662,AC025809.1,TRUE
ENSG00000168993,amy_Inhib_F,0.6545077145469075,amy_Inhib_H,0.36473393208862326,1.7944799125184625,10,amy_Inhib_F/amy_Inhib_H: 1.794,ENSG00000168993,CPLX1,TRUE
ENSG00000243660,amy_Inhib_F,0.37402986864572013,amy_Inhib_G,0.22285538936090413,1.6783523598794186,11,amy_Inhib_F/amy_Inhib_G: 1.678,ENSG00000243660,ZNF487,TRUE
ENSG00000231863,amy_Inhib_F,0.2849974050953159,amy_Excit_A,0.1717111871995994,1.6597486147715643,12,amy_Inhib_F/amy_Excit_A: 1.66,ENSG00000231863,AL139393.1,TRUE
ENSG00000144152,amy_Inhib_F,0.46208118472591997,amy_Inhib_B,0.2791793650284065,1.6551408972468404,13,amy_Inhib_F/amy_Inhib_B: 1.655,ENSG00000144152,FBLN7,TRUE
ENSG00000135778,amy_Inhib_F,0.3201824193017891,amy_OPC,0.2069000281333049,1.5475223574909172,14,amy_Inhib_F/amy_OPC: 1.548,ENSG00000135778,NTPCR,TRUE
ENSG00000134259,amy_Inhib_F,0.3947295954165102,amy_Inhib_D,0.25543041007097916,1.545350826891843,15,amy_Inhib_F/amy_Inhib_D: 1.545,ENSG00000134259,NGF,TRUE
ENSG00000170049,amy_Inhib_F,0.2293054076529119,amy_Inhib_B,0.15076968452714531,1.5208986366992538,16,amy_Inhib_F/amy_Inhib_B: 1.521,ENSG00000170049,KCNAB3,TRUE
ENSG00000183654,amy_Inhib_F,0.9296951365090871,amy_Inhib_D,0.6122782945862375,1.518419229832983,17,amy_Inhib_F/amy_Inhib_D: 1.518,ENSG00000183654,MARCH11,TRUE
ENSG00000119421,amy_Inhib_F,0.20058403655333407,amy_Astro_A,0.13633323860564656,1.4712775740150752,18,amy_Inhib_F/amy_Astro_A: 1.471,ENSG00000119421,NDUFA8,TRUE
ENSG00000029534,amy_Inhib_F,1.428220350136676,amy_Inhib_B,0.979399521896547,1.458261228646523,20,amy_Inhib_F/amy_Inhib_B: 1.458,ENSG00000029534,ANK1,TRUE
ENSG00000124588,amy_Inhib_F,0.7851258982585032,amy_Inhib_B,0.5410316932584073,1.451164336658392,21,amy_Inhib_F/amy_Inhib_B: 1.451,ENSG00000124588,NQO2,TRUE
ENSG00000129159,amy_Inhib_F,1.2969428331859785,amy_Inhib_D,0.9007636961204141,1.439825826431401,22,amy_Inhib_F/amy_Inhib_D: 1.44,ENSG00000129159,KCNC1,TRUE
ENSG00000130707,amy_Inhib_F,0.3370972144296393,amy_Inhib_B,0.23589221706626615,1.429030676052118,23,amy_Inhib_F/amy_Inhib_B: 1.429,ENSG00000130707,ASS1,TRUE
ENSG00000006283,amy_Inhib_F,0.31053746240878694,amy_Inhib_C,0.21866077366837033,1.4201791075694283,24,amy_Inhib_F/amy_Inhib_C: 1.42,ENSG00000006283,CACNA1G,TRUE
ENSG00000166411,amy_Inhib_F,0.4604420365703191,amy_Excit_A,0.3242930748699422,1.4198330838701367,25,amy_Inhib_F/amy_Excit_A: 1.42,ENSG00000166411,IDH3A,TRUE
ENSG00000172673,amy_Tcell,2.5202079668339605,amy_Oligo,0.11119504980818107,22.664749655506146,5,amy_Tcell/amy_Oligo: 22.665,ENSG00000172673,THEMIS,TRUE
ENSG00000165929,amy_Tcell,2.0388472292380766,amy_Inhib_E,0.09515275887498015,21.427095266012085,6,amy_Tcell/amy_Inhib_E: 21.427,ENSG00000165929,TC2N,TRUE
ENSG00000198821,amy_Tcell,3.4844784873214705,amy_Inhib_D,0.31949619098623444,10.906165975141782,8,amy_Tcell/amy_Inhib_D: 10.906,ENSG00000198821,CD247,TRUE
ENSG00000115232,amy_Tcell,1.3499367646356142,amy_OPC,0.15284156835743146,8.832261924182077,10,amy_Tcell/amy_OPC: 8.832,ENSG00000115232,ITGA4,TRUE
ENSG00000115165,amy_Tcell,1.3199445963840046,amy_Micro,0.2011132661813684,6.563190094052022,12,amy_Tcell/amy_Micro: 6.563,ENSG00000115165,CYTIP,TRUE
ENSG00000081320,amy_Tcell,1.597374449447678,amy_Astro_A,0.32479319073234636,4.918127888844914,15,amy_Tcell/amy_Astro_A: 4.918,ENSG00000081320,STK17B,TRUE
ENSG00000005844,amy_Tcell,2.1026909722185008,amy_Micro,0.4480145249042093,4.693354468067929,16,amy_Tcell/amy_Micro: 4.693,ENSG00000005844,ITGAL,TRUE
ENSG00000135272,amy_Tcell,1.8850297974628742,amy_Astro_A,0.4247943767456556,4.4375111834202325,17,amy_Tcell/amy_Astro_A: 4.438,ENSG00000135272,MDFIC,TRUE
ENSG00000127311,amy_Tcell,1.3794590277753274,amy_Micro,0.34260404278471246,4.026394483156055,18,amy_Tcell/amy_Micro: 4.026,ENSG00000127311,HELB,TRUE
ENSG00000123146,amy_Tcell,1.4781183506151536,amy_Mural,0.38443241207834344,3.8449368580137517,19,amy_Tcell/amy_Mural: 3.845,ENSG00000123146,ADGRE5,TRUE
ENSG00000164674,amy_Tcell,2.1945268614015654,amy_Micro,0.5811144907458955,3.7764104945735526,20,amy_Tcell/amy_Micro: 3.776,ENSG00000164674,SYTL3,TRUE
ENSG00000136167,amy_Tcell,1.654138239675229,amy_Micro,0.5092318641586973,3.248300737048404,22,amy_Tcell/amy_Micro: 3.248,ENSG00000136167,LCP1,TRUE
ENSG00000178607,amy_Tcell,1.2183533520779741,amy_Endo,0.3839462724413637,3.173239173103422,23,amy_Tcell/amy_Endo: 3.173,ENSG00000178607,ERN1,TRUE
ENSG00000135842,amy_Tcell,1.3913958573901133,amy_Mural,0.4455558773826958,3.1228313395022704,24,amy_Tcell/amy_Mural: 3.123,ENSG00000135842,FAM129A,TRUE
ENSG00000132182,amy_Tcell,1.3010080676553615,amy_Inhib_B,0.4178062145282907,3.1139031024807005,25,amy_Tcell/amy_Inhib_B: 3.114,ENSG00000132182,NUP210,TRUE
ENSG00000146469,amy_Inhib_B,1.0071645109206462,amy_Endo,0.06174442857136318,16.311828196070877,1,amy_Inhib_B/amy_Endo: 16.312,ENSG00000146469,VIP,TRUE
ENSG00000113389,amy_Inhib_B,0.40819385795931734,amy_Inhib_F,0.04618232900516988,8.838745614445346,2,amy_Inhib_B/amy_Inhib_F: 8.839,ENSG00000113389,NPR3,TRUE
ENSG00000172137,amy_Inhib_B,1.1309016376365322,amy_Excit_B,0.130591995919415,8.65980820397586,3,amy_Inhib_B/amy_Excit_B: 8.66,ENSG00000172137,CALB2,TRUE
ENSG00000234965,amy_Inhib_B,0.3906700268985301,amy_Inhib_D,0.05452702252005895,7.164704926897735,4,amy_Inhib_B/amy_Inhib_D: 7.165,ENSG00000234965,SHISA8,TRUE
ENSG00000170214,amy_Inhib_B,1.40076010738757,amy_Inhib_D,0.26795546517059377,5.227585511255673,5,amy_Inhib_B/amy_Inhib_D: 5.228,ENSG00000170214,ADRA1B,TRUE
ENSG00000130751,amy_Inhib_B,0.6186244846367721,amy_Inhib_H,0.16892889796626728,3.6620406104839605,6,amy_Inhib_B/amy_Inhib_H: 3.662,ENSG00000130751,NPAS1,TRUE
ENSG00000147571,amy_Inhib_B,0.4678296574629113,amy_Inhib_D,0.15941882488943163,2.9345948183182546,7,amy_Inhib_B/amy_Inhib_D: 2.935,ENSG00000147571,CRH,TRUE
ENSG00000206432,amy_Inhib_B,0.4347801533474521,amy_Mural,0.15420417592338354,2.8195095933295153,8,amy_Inhib_B/amy_Mural: 2.82,ENSG00000206432,TMEM200C,TRUE
ENSG00000169116,amy_Inhib_B,1.340248071821955,amy_Inhib_F,0.5053957507199324,2.6518783941352533,9,amy_Inhib_B/amy_Inhib_F: 2.652,ENSG00000169116,PARM1,TRUE
ENSG00000138764,amy_Inhib_B,0.6843986536169129,amy_Excit_B,0.28385822012843165,2.4110580743698624,10,amy_Inhib_B/amy_Excit_B: 2.411,ENSG00000138764,CCNG2,TRUE
ENSG00000118432,amy_Inhib_B,2.2196461594811043,amy_Excit_B,0.9413817693897601,2.357859724562081,11,amy_Inhib_B/amy_Excit_B: 2.358,ENSG00000118432,CNR1,TRUE
ENSG00000150556,amy_Inhib_B,1.2563393225059782,amy_Inhib_D,0.5482430108237922,2.2915738052331895,12,amy_Inhib_B/amy_Inhib_D: 2.292,ENSG00000150556,LYPD6B,TRUE
ENSG00000245864,amy_Inhib_B,0.6058659742125777,amy_OPC,0.26756555975559115,2.2643645720548204,13,amy_Inhib_B/amy_OPC: 2.264,ENSG00000245864,MEF2C-AS2,TRUE
ENSG00000174453,amy_Inhib_B,1.732087304219575,amy_Inhib_C,0.8267368629289834,2.0950889961324504,15,amy_Inhib_B/amy_Inhib_C: 2.095,ENSG00000174453,VWC2L,TRUE
ENSG00000159788,amy_Inhib_B,3.1791586320171747,amy_Inhib_D,1.6056402060216217,1.9799944097652746,16,amy_Inhib_B/amy_Inhib_D: 1.98,ENSG00000159788,RGS12,TRUE
ENSG00000118276,amy_Inhib_B,1.0788625269999497,amy_OPC,0.5710945661557103,1.8891136265964668,17,amy_Inhib_B/amy_OPC: 1.889,ENSG00000118276,B4GALT6,TRUE
ENSG00000124749,amy_Inhib_B,1.0366525910861053,amy_Astro_A,0.5630717034813598,1.8410667498947106,18,amy_Inhib_B/amy_Astro_A: 1.841,ENSG00000124749,COL21A1,TRUE
ENSG00000102024,amy_Inhib_B,1.1973882416011565,amy_Oligo,0.6717357777369138,1.7825286091432742,19,amy_Inhib_B/amy_Oligo: 1.783,ENSG00000102024,PLS3,TRUE
ENSG00000122477,amy_Inhib_B,0.6723105150878355,amy_Inhib_D,0.37759073900938017,1.780527024713744,20,amy_Inhib_B/amy_Inhib_D: 1.781,ENSG00000122477,LRRC39,TRUE
ENSG00000144229,amy_Inhib_B,1.8226183175093766,amy_Mural,1.0296568484885302,1.7701220753155409,21,amy_Inhib_B/amy_Mural: 1.77,ENSG00000144229,THSD7B,TRUE
ENSG00000133019,amy_Inhib_B,3.4569006016960415,amy_Excit_A,1.9694050172910185,1.7553020182974461,22,amy_Inhib_B/amy_Excit_A: 1.755,ENSG00000133019,CHRM3,TRUE
ENSG00000156298,amy_Inhib_B,0.8766939467219176,amy_Inhib_D,0.5017546901242068,1.7472561073717048,23,amy_Inhib_B/amy_Inhib_D: 1.747,ENSG00000156298,TSPAN7,TRUE
ENSG00000163630,amy_Inhib_B,3.7413081296713306,amy_Inhib_C,2.1805350930248784,1.7157752432598181,24,amy_Inhib_B/amy_Inhib_C: 1.716,ENSG00000163630,SYNPR,TRUE
ENSG00000187699,amy_Inhib_B,0.33452227941373813,amy_Inhib_F,0.20505150188941693,1.631406141049111,25,amy_Inhib_B/amy_Inhib_F: 1.631,ENSG00000187699,C2orf88,TRUE
ENSG00000131095,amy_Astro_B,2.733509067868495,amy_Astro_A,1.569841291406298,1.7412645996970548,1,amy_Astro_B/amy_Astro_A: 1.741,ENSG00000131095,GFAP,TRUE
ENSG00000151914,amy_Astro_B,5.56551777133503,amy_Astro_A,4.19720598049949,1.3260053943487196,2,amy_Astro_B/amy_Astro_A: 1.326,ENSG00000151914,DST,TRUE
ENSG00000127603,amy_Astro_B,5.377372957252116,amy_Astro_A,4.335038904984545,1.2404439902647857,3,amy_Astro_B/amy_Astro_A: 1.24,ENSG00000127603,MACF1,TRUE
ENSG00000154217,amy_Astro_B,4.928088816879202,amy_Astro_A,4.457580431645018,1.1055524162601704,5,amy_Astro_B/amy_Astro_A: 1.106,ENSG00000154217,PITPNC1,TRUE
ENSG00000250974,amy_Excit_C,0.6496403192583465,amy_Excit_A,0.12540483022271173,5.180345271427128,2,amy_Excit_C/amy_Excit_A: 5.18,ENSG00000250974,LINC02196,TRUE
ENSG00000152034,amy_Excit_C,1.6228587907262255,amy_Excit_A,0.5365832396765491,3.024430639511738,3,amy_Excit_C/amy_Excit_A: 3.024,ENSG00000152034,MCHR2,TRUE
ENSG00000204920,amy_Excit_C,1.0003328469243036,amy_Astro_A,0.3637801574085608,2.7498279566711816,4,amy_Excit_C/amy_Astro_A: 2.75,ENSG00000204920,ZNF155,TRUE
ENSG00000275119,amy_Excit_C,0.8873981052925148,amy_Inhib_F,0.35765213266495954,2.48117660778444,5,amy_Excit_C/amy_Inhib_F: 2.481,ENSG00000275119,AC244131.2,TRUE
ENSG00000223930,amy_Excit_C,1.6001562699131278,amy_Excit_A,0.7147029820584955,2.2389108623897718,8,amy_Excit_C/amy_Excit_A: 2.239,ENSG00000223930,AC109779.1,TRUE
ENSG00000183090,amy_Excit_C,0.5264250087486063,amy_Excit_A,0.23688115741879626,2.222316939366808,9,amy_Excit_C/amy_Excit_A: 2.222,ENSG00000183090,FREM3,TRUE
ENSG00000169035,amy_Excit_C,0.3547164952487145,amy_Excit_A,0.1606198500046687,2.208422528338833,10,amy_Excit_C/amy_Excit_A: 2.208,ENSG00000169035,KLK7,TRUE
ENSG00000010438,amy_Excit_C,0.8117415515483356,amy_Endo,0.37720112194985606,2.152012558584717,11,amy_Excit_C/amy_Endo: 2.152,ENSG00000010438,PRSS3,TRUE
ENSG00000250101,amy_Excit_C,1.8248647724349165,amy_Excit_A,0.8531952620699551,2.138859477498238,13,amy_Excit_C/amy_Excit_A: 2.139,ENSG00000250101,AC106795.3,TRUE
ENSG00000230453,amy_Excit_C,0.56306990728177575,amy_Excit_A,0.2699939723031964,2.0854906592116897,15,amy_Excit_C/amy_Excit_A: 2.085,ENSG00000230453,ANKRD18B,TRUE
ENSG00000182870,amy_Excit_C,0.8883079847212499,amy_Excit_A,0.42699319870941566,2.080379704890278,16,amy_Excit_C/amy_Excit_A: 2.08,ENSG00000182870,GALNT9,TRUE
ENSG00000224514,amy_Excit_C,0.3790741778799025,amy_Inhib_C,0.1827939841017732,2.073778192114066,17,amy_Excit_C/amy_Inhib_C: 2.074,ENSG00000224514,LINC00620,TRUE
ENSG00000130649,amy_Excit_C,0.2995681746202336,amy_Excit_A,0.14550328411671246,2.0588413274571944,19,amy_Excit_C/amy_Excit_A: 2.059,ENSG00000130649,CYP2E1,TRUE
ENSG00000155749,amy_Excit_C,1.2282818910260331,amy_Inhib_E,0.6017236343280166,2.0412724728649465,20,amy_Excit_C/amy_Inhib_E: 2.041,ENSG00000155749,ALS2CR12,TRUE
ENSG00000174749,amy_Excit_C,0.7361768195560944,amy_Excit_A,0.36133158969547235,2.037399553624799,21,amy_Excit_C/amy_Excit_A: 2.037,ENSG00000174749,FAM241A,TRUE
ENSG00000187135,amy_Excit_C,1.4130345048512525,amy_Excit_A,0.6936033999869006,2.037236992895276,22,amy_Excit_C/amy_Excit_A: 2.037,ENSG00000187135,VSTM2B,TRUE
ENSG00000153157,amy_Excit_C,0.7088476673529535,amy_Inhib_E,0.3515839236966078,2.0161549478713914,23,amy_Excit_C/amy_Inhib_E: 2.016,ENSG00000153157,SYCP2L,TRUE
ENSG00000149654,amy_Excit_C,2.4980609837576027,amy_Excit_A,1.244288482206176,2.0076220422200124,24,amy_Excit_C/amy_Excit_A: 2.008,ENSG00000149654,CDH22,TRUE
ENSG00000235450,amy_Excit_C,1.5984825781770582,amy_Excit_A,0.8003572893193824,1.9972112449133752,25,amy_Excit_C/amy_Excit_A: 1.997,ENSG00000235450,AC079760.1,TRUE
ENSG00000134363,amy_Excit_B,1.3217121668001541,amy_Endo,0.07469815662886356,17.694039939526984,2,amy_Excit_B/amy_Endo: 17.694,ENSG00000134363,FST,TRUE
ENSG00000176887,amy_Excit_B,2.087859263056102,amy_Inhib_C,0.16022077937795717,13.031139101694729,3,amy_Excit_B/amy_Inhib_C: 13.031,ENSG00000176887,SOX11,TRUE
ENSG00000272398,amy_Excit_B,0.6125743319244819,amy_Inhib_B,0.047123482717942644,12.999343354799183,4,amy_Excit_B/amy_Inhib_B: 12.999,ENSG00000272398,CD24,TRUE
ENSG00000180828,amy_Excit_B,1.1236859421952003,amy_Excit_A,0.08992399726165654,12.495951875065705,5,amy_Excit_B/amy_Excit_A: 12.496,ENSG00000180828,BHLHE22,TRUE
ENSG00000259403,amy_Excit_B,0.8877224329456342,amy_Excit_C,0.09228731471409803,9.619116513420709,7,amy_Excit_B/amy_Excit_C: 9.619,ENSG00000259403,AC020704.1,TRUE
ENSG00000254726,amy_Excit_B,0.6974189839533967,amy_OPC,0.07665523941404756,9.098125441711037,8,amy_Excit_B/amy_OPC: 9.098,ENSG00000254726,MEX3A,TRUE
ENSG00000166250,amy_Excit_B,2.1697187705169134,amy_Inhib_H,0.314804960609578,6.89226359811974,9,amy_Excit_B/amy_Inhib_H: 6.892,ENSG00000166250,CLMP,TRUE
ENSG00000171532,amy_Excit_B,0.8624945162310719,amy_Excit_A,0.1488776163058732,5.793312236132616,10,amy_Excit_B/amy_Excit_A: 5.793,ENSG00000171532,NEUROD2,TRUE
ENSG00000164099,amy_Excit_B,2.5247727490901304,amy_Inhib_D,0.4990404538202064,5.05925467517259,11,amy_Excit_B/amy_Inhib_D: 5.059,ENSG00000164099,PRSS12,TRUE
ENSG00000146374,amy_Excit_B,0.8552545764633411,amy_Inhib_F,0.18064522855371634,4.734443213976306,12,amy_Excit_B/amy_Inhib_F: 4.734,ENSG00000146374,RSPO3,TRUE
ENSG00000259664,amy_Excit_B,1.7111003765380624,amy_Excit_C,0.36175794465432426,4.729959360458813,13,amy_Excit_B/amy_Excit_C: 4.73,ENSG00000259664,LINC02254,TRUE
ENSG00000162244,amy_Excit_B,0.9892599608350496,amy_Excit_A,0.22603119432579027,4.376652363342287,15,amy_Excit_B/amy_Excit_A: 4.377,ENSG00000162244,RPL29,TRUE
ENSG00000160207,amy_Excit_B,0.6134942722963753,amy_Inhib_H,0.14833184850378386,4.135957843744699,17,amy_Excit_B/amy_Inhib_H: 4.136,ENSG00000160207,HSF2BP,TRUE
ENSG00000008197,amy_Excit_B,0.8396520107509569,amy_Excit_C,0.20637671504381747,4.068540438647275,18,amy_Excit_B/amy_Excit_C: 4.069,ENSG00000008197,TFAP2D,TRUE
ENSG00000173852,amy_Excit_B,1.9273220863031457,amy_Astro_A,0.4858044398328104,3.96727968761758,19,amy_Excit_B/amy_Astro_A: 3.967,ENSG00000173852,DPY19L1,TRUE
ENSG00000231500,amy_Excit_B,1.4742042821988823,amy_Excit_A,0.38106774551352846,3.868614700549475,20,amy_Excit_B/amy_Excit_A: 3.869,ENSG00000231500,RPS18,TRUE
ENSG00000124766,amy_Excit_B,1.9984267240129248,amy_OPC,0.5357989029690833,3.7298074201697986,21,amy_Excit_B/amy_OPC: 3.73,ENSG00000124766,SOX4,TRUE
ENSG00000112139,amy_Excit_B,1.0999627295823187,amy_Inhib_D,0.29620658055287946,3.7134986249434485,22,amy_Excit_B/amy_Inhib_D: 3.713,ENSG00000112139,MDGA1,TRUE
ENSG00000114784,amy_Excit_B,0.9411974845884666,amy_Inhib_B,0.25538447803338593,3.6854138193372332,23,amy_Excit_B/amy_Inhib_B: 3.685,ENSG00000114784,EIF1B,TRUE
ENSG00000132872,amy_Excit_B,1.242128646471724,amy_Inhib_F,0.3535732104331707,3.513073416817874,24,amy_Excit_B/amy_Inhib_F: 3.513,ENSG00000132872,SYT4,TRUE
ENSG00000183287,amy_Excit_B,3.008942134390239,amy_Inhib_B,0.8879690774431671,3.3885663485650164,25,amy_Excit_B/amy_Inhib_B: 3.389,ENSG00000183287,CCBE1,TRUE
ENSG00000177098,amy_Inhib_E,0.5292595279021587,amy_Excit_B,0.10003566974367989,5.290708097004535,1,amy_Inhib_E/amy_Excit_B: 5.291,ENSG00000177098,SCN4B,TRUE
ENSG00000143858,amy_Inhib_E,0.7080124912206059,amy_Inhib_C,0.15118824106093953,4.68298649585603,3,amy_Inhib_E/amy_Inhib_C: 4.683,ENSG00000143858,SYT2,TRUE
ENSG00000119547,amy_Inhib_E,1.2010870649672896,amy_Inhib_G,0.3450510076293133,3.4808971381344636,5,amy_Inhib_E/amy_Inhib_G: 3.481,ENSG00000119547,ONECUT2,TRUE
ENSG00000241956,amy_Inhib_E,3.3750358072259825,amy_Inhib_G,1.1170857874103448,3.021286140476348,7,amy_Inhib_E/amy_Inhib_G: 3.021,ENSG00000241956,AC109466.1,TRUE
ENSG00000253693,amy_Inhib_E,2.835373776976007,amy_Inhib_G,0.9789132491178071,2.8964505072653117,9,amy_Inhib_E/amy_Inhib_G: 2.896,ENSG00000253693,AC008415.1,TRUE
ENSG00000283538,amy_Inhib_E,0.644654138516322,amy_Inhib_G,0.22894172046703018,2.8158001835631286,10,amy_Inhib_E/amy_Inhib_G: 2.816,ENSG00000283538,AC005972.4,TRUE
ENSG00000236358,amy_Inhib_E,1.4413152184263245,amy_Inhib_G,0.6036019157871718,2.387857262756813,12,amy_Inhib_E/amy_Inhib_G: 2.388,ENSG00000236358,AL355472.3,TRUE
ENSG00000281508,amy_Inhib_E,1.1118939486937063,amy_Inhib_D,0.49748647978266486,2.2350234506462474,13,amy_Inhib_E/amy_Inhib_D: 2.235,ENSG00000281508,AL078639.1,TRUE
ENSG00000154174,amy_Inhib_E,0.9862043779414341,amy_Inhib_G,0.44231884316607367,2.2296232529509314,14,amy_Inhib_E/amy_Inhib_G: 2.23,ENSG00000154174,TOMM70,TRUE
ENSG00000074410,amy_Inhib_E,1.1517074512066556,amy_Astro_A,0.523918188354988,2.1982581952781914,15,amy_Inhib_E/amy_Astro_A: 2.198,ENSG00000074410,CA12,TRUE
ENSG00000068383,amy_Inhib_E,2.120264195324225,amy_Mural,1.0065346310835515,2.1064990014717377,16,amy_Inhib_E/amy_Mural: 2.106,ENSG00000068383,INPP5A,TRUE
ENSG00000149295,amy_Inhib_E,0.9503057478245304,amy_Inhib_A,0.46279046881249536,2.0534254956956715,17,amy_Inhib_E/amy_Inhib_A: 2.053,ENSG00000149295,DRD2,TRUE
ENSG00000104154,amy_Inhib_E,0.775337254858805,amy_Oligo,0.3913429652971673,1.9812219040913401,18,amy_Inhib_E/amy_Oligo: 1.981,ENSG00000104154,SLC30A4,TRUE
ENSG00000131771,amy_Inhib_E,0.5233578412042579,amy_Astro_A,0.27289982172720556,1.9177654198961465,20,amy_Inhib_E/amy_Astro_A: 1.918,ENSG00000131771,PPP1R1B,TRUE
ENSG00000123360,amy_Inhib_E,0.8423070112604332,amy_Inhib_G,0.4421447304182477,1.9050481738494343,21,amy_Inhib_E/amy_Inhib_G: 1.905,ENSG00000123360,PDE1B,TRUE
ENSG00000100302,amy_Inhib_E,0.5085305462706936,amy_Inhib_B,0.2706906444692218,1.8786410120225443,22,amy_Inhib_E/amy_Inhib_B: 1.879,ENSG00000100302,RASD2,TRUE
ENSG00000125648,amy_Inhib_E,0.7371664622502556,amy_Excit_A,0.39887134660654316,1.8481309036655755,23,amy_Inhib_E/amy_Excit_A: 1.848,ENSG00000125648,SLC25A23,TRUE
ENSG00000246273,amy_Inhib_E,0.5182105357665547,amy_Excit_B,0.2804380733399898,1.8478608471193598,24,amy_Inhib_E/amy_Excit_B: 1.848,ENSG00000246273,SBF2-AS1,TRUE
ENSG00000164270,amy_Inhib_E,1.705085702583091,amy_Inhib_G,0.9247758704435027,1.84378264731904,25,amy_Inhib_E/amy_Inhib_G: 1.844,ENSG00000164270,HTR4,TRUE
ENSG00000244300,amy_Endo,1.3109304728744555,amy_Excit_C,0.028269568118238702,46.37249735798692,1,amy_Endo/amy_Excit_C: 46.372,ENSG00000244300,GATA2-AS1,TRUE
ENSG00000204301,amy_Endo,1.0327648469814192,amy_Mural,0.023635780002849566,43.69497629682234,2,amy_Endo/amy_Mural: 43.695,ENSG00000204301,NOTCH4,TRUE
ENSG00000066056,amy_Endo,1.4807160806099455,amy_Mural,0.03794149812585633,39.02629452580495,3,amy_Endo/amy_Mural: 39.026,ENSG00000066056,TIE1,TRUE
ENSG00000168389,amy_Endo,1.7165585874704266,amy_Mural,0.07132474794005568,24.06680201538314,4,amy_Endo/amy_Mural: 24.067,ENSG00000168389,MFSD2A,TRUE
ENSG00000162618,amy_Endo,1.8106361324215607,amy_Mural,0.07599556925008898,23.82554865090955,5,amy_Endo/amy_Mural: 23.826,ENSG00000162618,ADGRL4,TRUE
ENSG00000072163,amy_Endo,1.5862795100230476,amy_Inhib_G,0.0693828261295865,22.86271111327101,6,amy_Endo/amy_Inhib_G: 22.863,ENSG00000072163,LIMS2,TRUE
ENSG00000138772,amy_Endo,1.524638989612105,amy_Mural,0.08516199225180186,17.90281027132555,7,amy_Endo/amy_Mural: 17.903,ENSG00000138772,ANXA3,TRUE
ENSG00000157554,amy_Endo,3.05234543040182,amy_Mural,0.17271022578199355,17.67321776450397,8,amy_Endo/amy_Mural: 17.673,ENSG00000157554,ERG,TRUE
ENSG00000198959,amy_Endo,1.7572759754274674,amy_Mural,0.1239600260816681,14.176150416987877,9,amy_Endo/amy_Mural: 14.176,ENSG00000198959,TGM2,TRUE
ENSG00000186352,amy_Endo,1.4912584486186693,amy_Inhib_H,0.10948682095633024,13.620437926620141,10,amy_Endo/amy_Inhib_H: 13.62,ENSG00000186352,ANKRD37,TRUE
ENSG00000105227,amy_Endo,0.924682005813343,amy_Excit_B,0.06796181373300679,13.605905361002097,11,amy_Endo/amy_Excit_B: 13.606,ENSG00000105227,PRX,TRUE
ENSG00000047457,amy_Endo,1.5571848237384243,amy_Mural,0.11592544133257121,13.432640892615751,12,amy_Endo/amy_Mural: 13.433,ENSG00000047457,CP,TRUE
ENSG00000173848,amy_Endo,1.6028003248480533,amy_Tcell,0.12549629119451428,12.771694761590814,13,amy_Endo/amy_Tcell: 12.772,ENSG00000173848,NET1,TRUE
ENSG00000178175,amy_Endo,1.5049899147977852,amy_Mural,0.12759863280837494,11.794718185248495,14,amy_Endo/amy_Mural: 11.795,ENSG00000178175,ZNF366,TRUE
ENSG00000110799,amy_Endo,3.998864544106972,amy_Mural,0.34899059745089245,11.458373300930162,15,amy_Endo/amy_Mural: 11.458,ENSG00000110799,VWF,TRUE
ENSG00000165949,amy_Endo,1.0038664809768225,amy_Mural,0.09108022574649953,11.021782969344518,16,amy_Endo/amy_Mural: 11.022,ENSG00000165949,IFI27,TRUE
ENSG00000102755,amy_Endo,5.4670380300219374,amy_Mural,0.5027173345542074,10.874974173846462,17,amy_Endo/amy_Mural: 10.875,ENSG00000102755,FLT1,TRUE
ENSG00000174059,amy_Endo,1.270170544606843,amy_Mural,0.12057653884820743,10.53414334778549,18,amy_Endo/amy_Mural: 10.534,ENSG00000174059,CD34,TRUE
ENSG00000118777,amy_Endo,2.2061595032613828,amy_Mural,0.21455186366429804,10.282639663821728,19,amy_Endo/amy_Mural: 10.283,ENSG00000118777,ABCG2,TRUE
ENSG00000101187,amy_Endo,1.1480800840219116,amy_Mural,0.11358282248966203,10.107867183230162,20,amy_Endo/amy_Mural: 10.108,ENSG00000101187,SLCO4A1,TRUE
ENSG00000128567,amy_Endo,2.741867024213486,amy_Mural,0.27928160405480074,9.817571169762674,21,amy_Endo/amy_Mural: 9.818,ENSG00000128567,PODXL,TRUE
ENSG00000154133,amy_Endo,0.9646936368139193,amy_Mural,0.11018330710569703,8.755351987107309,22,amy_Endo/amy_Mural: 8.755,ENSG00000154133,ROBO4,TRUE
ENSG00000085563,amy_Endo,5.230455312979226,amy_Mural,0.6314473189281998,8.283280578112592,23,amy_Endo/amy_Mural: 8.283,ENSG00000085563,ABCB1,TRUE
ENSG00000078596,amy_Endo,1.226456547622628,amy_Oligo,0.1493529188318157,8.211801665581936,24,amy_Endo/amy_Oligo: 8.212,ENSG00000078596,ITM2A,TRUE
ENSG00000172889,amy_Endo,1.7128916226003974,amy_Mural,0.21936352743221357,7.808461336535104,25,amy_Endo/amy_Mural: 7.808,ENSG00000172889,EGFL7,TRUE
ENSG00000248587,amy_Inhib_G,1.3743873415483876,amy_OPC,0.650598811922178,2.112495928923993,1,amy_Inhib_G/amy_OPC: 2.112,ENSG00000248587,GDNF-AS1,TRUE
ENSG00000211448,amy_Inhib_G,1.015654870062492,amy_Astro_A,0.5437552631331024,1.8678529458461102,2,amy_Inhib_G/amy_Astro_A: 1.868,ENSG00000211448,DIO2,TRUE
ENSG00000103316,amy_Inhib_G,0.9747345173962524,amy_Inhib_E,0.7451771874575609,1.3080573772285067,4,amy_Inhib_G/amy_Inhib_E: 1.308,ENSG00000103316,CRYM,TRUE
ENSG00000146151,amy_Inhib_G,1.0726717084684532,amy_Excit_A,0.8403770329007287,1.2764172109343743,5,amy_Inhib_G/amy_Excit_A: 1.276,ENSG00000146151,HMGCLL1,TRUE
ENSG00000177030,amy_Inhib_G,0.6922856275254797,amy_Inhib_E,0.5679681232358592,1.2188811294221091,6,amy_Inhib_G/amy_Inhib_E: 1.219,ENSG00000177030,DEAF1,TRUE
ENSG00000186297,amy_Inhib_G,0.8961580647570928,amy_Inhib_A,0.7440056951966897,1.2045043076184776,7,amy_Inhib_G/amy_Inhib_A: 1.205,ENSG00000186297,GABRA5,TRUE
ENSG00000124225,amy_Inhib_G,1.4696433937405675,amy_Mural,1.2310474892687677,1.1938153536331273,8,amy_Inhib_G/amy_Mural: 1.194,ENSG00000124225,PMEPA1,TRUE
ENSG00000103415,amy_Inhib_G,0.7609548443165917,amy_Inhib_E,0.6395349194118958,1.1898565992555206,9,amy_Inhib_G/amy_Inhib_E: 1.19,ENSG00000103415,HMOX2,TRUE
ENSG00000249335,amy_Inhib_G,1.08918138117176,amy_Inhib_E,0.9357353849590573,1.1639843899025115,11,amy_Inhib_G/amy_Inhib_E: 1.164,ENSG00000249335,AC093523.1,TRUE
ENSG00000114796,amy_Inhib_G,1.589829584849226,amy_Inhib_E,1.36798776421728,1.162166524025072,12,amy_Inhib_G/amy_Inhib_E: 1.162,ENSG00000114796,KLHL24,TRUE
ENSG00000163328,amy_Inhib_G,1.6549619844039207,amy_Inhib_E,1.4310972159976656,1.156428763821046,13,amy_Inhib_G/amy_Inhib_E: 1.156,ENSG00000163328,GPR155,TRUE
ENSG00000258472,amy_Inhib_G,0.6608909842324763,amy_Inhib_D,0.5813312822324874,1.1368577684215713,14,amy_Inhib_G/amy_Inhib_D: 1.137,ENSG00000258472,AC005726.1,TRUE
ENSG00000083828,amy_Inhib_G,1.1337439720711355,amy_Inhib_H,0.9973859458010719,1.1367154077557657,15,amy_Inhib_G/amy_Inhib_H: 1.137,ENSG00000083828,ZNF586,TRUE
ENSG00000198598,amy_Inhib_G,0.7197692244759197,amy_Inhib_E,0.6336908510797763,1.1358365411927132,16,amy_Inhib_G/amy_Inhib_E: 1.136,ENSG00000198598,MMP17,TRUE
ENSG00000153914,amy_Inhib_G,1.1632469318798047,amy_Inhib_H,1.0370702227062436,1.1216665047467103,17,amy_Inhib_G/amy_Inhib_H: 1.122,ENSG00000153914,SREK1,TRUE
ENSG00000169902,amy_Inhib_G,2.202195884130106,amy_Inhib_A,1.9672036043395411,1.1194549863939784,18,amy_Inhib_G/amy_Inhib_A: 1.119,ENSG00000169902,TPST1,TRUE
ENSG00000251293,amy_Inhib_G,1.8882363536230347,amy_Inhib_E,1.6985617705839573,1.1116677569953008,19,amy_Inhib_G/amy_Inhib_E: 1.112,ENSG00000251293,AC008574.1,TRUE
ENSG00000141837,amy_Inhib_G,3.7870440306686026,amy_Inhib_E,3.4117407776664024,1.11000344910697,20,amy_Inhib_G/amy_Inhib_E: 1.11,ENSG00000141837,CACNA1A,TRUE
ENSG00000065621,amy_Inhib_G,0.7542768905617242,amy_Inhib_H,0.6813972911132895,1.1069561038749678,21,amy_Inhib_G/amy_Inhib_H: 1.107,ENSG00000065621,GSTO2,TRUE
ENSG00000138759,amy_Inhib_G,2.2809258702718602,amy_Inhib_A,2.0658307569037113,1.1041203944947242,22,amy_Inhib_G/amy_Inhib_A: 1.104,ENSG00000138759,FRAS1,TRUE
ENSG00000070182,amy_Inhib_G,0.9494485010332944,amy_Inhib_E,0.8720811777298436,1.0887157357355761,23,amy_Inhib_G/amy_Inhib_E: 1.089,ENSG00000070182,SPTB,TRUE
ENSG00000163683,amy_Inhib_G,0.8460352217241254,amy_Mural,0.7776311273667373,1.0879647071086547,24,amy_Inhib_G/amy_Mural: 1.088,ENSG00000163683,SMIM14,TRUE
ENSG00000242593,amy_Inhib_G,2.007819919375741,amy_Inhib_E,1.8464071288695274,1.0874199346300397,25,amy_Inhib_G/amy_Inhib_E: 1.087,ENSG00000242593,AC006148.1,TRUE
ENSG00000150893,amy_Inhib_A,1.215222864058761,amy_Inhib_H,0.5451937719835819,2.228974222573028,1,amy_Inhib_A/amy_Inhib_H: 2.229,ENSG00000150893,FREM2,TRUE
ENSG00000114656,amy_Inhib_A,0.5937754096063402,amy_Inhib_E,0.31026766745536494,1.9137521304625165,2,amy_Inhib_A/amy_Inhib_E: 1.914,ENSG00000114656,KIAA1257,TRUE
ENSG00000077522,amy_Inhib_A,1.943771216737336,amy_Inhib_E,1.1198936065761727,1.7356748938678088,4,amy_Inhib_A/amy_Inhib_E: 1.736,ENSG00000077522,ACTN2,TRUE
ENSG00000158023,amy_Inhib_A,0.5963089439582518,amy_Inhib_G,0.35017294648671876,1.702898381902465,5,amy_Inhib_A/amy_Inhib_G: 1.703,ENSG00000158023,WDR66,TRUE
ENSG00000283217,amy_Inhib_A,0.3441884395287837,amy_Inhib_C,0.21667300883210014,1.5885155303099854,7,amy_Inhib_A/amy_Inhib_C: 1.589,ENSG00000283217,AC068205.1,TRUE
ENSG00000170959,amy_Inhib_A,1.35240452278304,amy_Inhib_H,0.8812133725268193,1.5347072172828156,8,amy_Inhib_A/amy_Inhib_H: 1.535,ENSG00000170959,DCDC1,TRUE
ENSG00000174567,amy_Inhib_A,0.21571248503873341,amy_Inhib_E,0.14056250243642873,1.5346374836794918,9,amy_Inhib_A/amy_Inhib_E: 1.535,ENSG00000174567,GOLT1A,TRUE
ENSG00000239332,amy_Inhib_A,0.23071772389160072,amy_Inhib_E,0.15760665868916973,1.4638830986615858,10,amy_Inhib_A/amy_Inhib_E: 1.464,ENSG00000239332,LINC01119,TRUE
ENSG00000198039,amy_Inhib_A,0.8050125765243555,amy_Inhib_E,0.5544053878033739,1.4520287757554446,11,amy_Inhib_A/amy_Inhib_E: 1.452,ENSG00000198039,ZNF273,TRUE
ENSG00000165164,amy_Inhib_A,0.7244885541909846,amy_Inhib_H,0.5013506575496229,1.4450735094912601,12,amy_Inhib_A/amy_Inhib_H: 1.445,ENSG00000165164,CFAP47,TRUE
ENSG00000165695,amy_Inhib_A,0.46585678431258587,amy_Inhib_H,0.32255104071248586,1.4442885792076525,13,amy_Inhib_A/amy_Inhib_H: 1.444,ENSG00000165695,AK8,TRUE
ENSG00000132170,amy_Inhib_A,0.6577185480474906,amy_Micro,0.4570989375146019,1.4388975647673212,14,amy_Inhib_A/amy_Micro: 1.439,ENSG00000132170,PPARG,TRUE
ENSG00000168096,amy_Inhib_A,0.8732674673649404,amy_Inhib_H,0.6134399060176344,1.4235582960914135,15,amy_Inhib_A/amy_Inhib_H: 1.424,ENSG00000168096,ANKS3,TRUE
ENSG00000168743,amy_Inhib_A,0.7454839383821106,amy_Inhib_G,0.5238875053425072,1.4229847644385565,16,amy_Inhib_A/amy_Inhib_G: 1.423,ENSG00000168743,NPNT,TRUE
ENSG00000117245,amy_Inhib_A,0.3063538272831281,amy_Excit_A,0.21843339023211247,1.4025045665298208,17,amy_Inhib_A/amy_Excit_A: 1.403,ENSG00000117245,KIF17,TRUE
ENSG00000138785,amy_Inhib_A,0.5160945055906786,amy_Inhib_G,0.3687616774963883,1.3995340001015515,18,amy_Inhib_A/amy_Inhib_G: 1.4,ENSG00000138785,INTS12,TRUE
ENSG00000082516,amy_Inhib_A,0.3953352470732963,amy_Inhib_B,0.28286572544165944,1.3976074565274028,19,amy_Inhib_A/amy_Inhib_B: 1.398,ENSG00000082516,GEMIN5,TRUE
ENSG00000134317,amy_Inhib_A,0.5511651715667306,amy_Inhib_H,0.3955018515441393,1.3935843016027418,20,amy_Inhib_A/amy_Inhib_H: 1.394,ENSG00000134317,GRHL1,TRUE
ENSG00000146021,amy_Inhib_A,1.2222225269757223,amy_Excit_A,0.8828797809177736,1.3843589505529215,21,amy_Inhib_A/amy_Excit_A: 1.384,ENSG00000146021,KLHL3,TRUE
ENSG00000153993,amy_Inhib_A,0.800238912433513,amy_Excit_A,0.5879963266243686,1.3609590335837793,22,amy_Inhib_A/amy_Excit_A: 1.361,ENSG00000153993,SEMA3D,TRUE
ENSG00000147100,amy_Inhib_A,0.7089041683452351,amy_Endo,0.5219467600256683,1.3581924875065277,23,amy_Inhib_A/amy_Endo: 1.358,ENSG00000147100,SLC16A2,TRUE
ENSG00000089101,amy_Inhib_A,0.7678525753457157,amy_Inhib_E,0.5668741461085285,1.3545380056876148,24,amy_Inhib_A/amy_Inhib_E: 1.355,ENSG00000089101,CFAP61,TRUE
ENSG00000137269,amy_Inhib_A,1.2090970438414823,amy_Oligo,0.9021552403590718,1.3402316915659027,25,amy_Inhib_A/amy_Oligo: 1.34,ENSG00000137269,LRRC1,TRUE
ENSG00000145491,amy_Inhib_H,0.5379877559657641,amy_Inhib_A,0.15118975318066893,3.558361229169273,2,amy_Inhib_H/amy_Inhib_A: 3.558,ENSG00000145491,ROPN1L,TRUE
ENSG00000122254,amy_Inhib_H,2.229832128172671,amy_Inhib_A,0.6321609494249799,3.527317102078117,3,amy_Inhib_H/amy_Inhib_A: 3.527,ENSG00000122254,HS3ST2,TRUE
ENSG00000101188,amy_Inhib_H,0.7080517985573004,amy_Inhib_A,0.2036924009764027,3.4760835218360775,4,amy_Inhib_H/amy_Inhib_A: 3.476,ENSG00000101188,NTSR1,TRUE
ENSG00000112773,amy_Inhib_H,1.5213606814413136,amy_Inhib_A,0.4807443475567182,3.1645940075495607,5,amy_Inhib_H/amy_Inhib_A: 3.165,ENSG00000112773,TENT5A,TRUE
ENSG00000147257,amy_Inhib_H,0.6526292895361047,amy_Inhib_A,0.21115647084847816,3.090737815960274,6,amy_Inhib_H/amy_Inhib_A: 3.091,ENSG00000147257,GPC3,TRUE
ENSG00000113494,amy_Inhib_H,1.7650823445137476,amy_Excit_B,0.7148667652475453,2.4691067347389297,7,amy_Inhib_H/amy_Excit_B: 2.469,ENSG00000113494,PRLR,TRUE
ENSG00000164818,amy_Inhib_H,0.6638333549219898,amy_Inhib_A,0.29153121872771065,2.2770575234414547,8,amy_Inhib_H/amy_Inhib_A: 2.277,ENSG00000164818,DNAAF5,TRUE
ENSG00000163902,amy_Inhib_H,1.2181453263021633,amy_Inhib_G,0.5790079840263386,2.103848927663061,9,amy_Inhib_H/amy_Inhib_G: 2.104,ENSG00000163902,RPN1,TRUE
ENSG00000110660,amy_Inhib_H,0.7891284998832733,amy_Inhib_A,0.3815484195160348,2.0682263626834647,10,amy_Inhib_H/amy_Inhib_A: 2.068,ENSG00000110660,SLC35F2,TRUE
ENSG00000105514,amy_Inhib_H,0.6859215505578319,amy_Inhib_A,0.3571159602413504,1.9207249939046807,12,amy_Inhib_H/amy_Inhib_A: 1.921,ENSG00000105514,RAB3D,TRUE
ENSG00000231185,amy_Inhib_H,2.6108262416338905,amy_Mural,1.3854374897931159,1.884477835245933,13,amy_Inhib_H/amy_Mural: 1.884,ENSG00000231185,SPRY4-AS1,TRUE
ENSG00000122585,amy_Inhib_H,0.5992570886356654,amy_Inhib_F,0.3228381854387462,1.8562150193641378,14,amy_Inhib_H/amy_Inhib_F: 1.856,ENSG00000122585,NPY,TRUE
ENSG00000112964,amy_Inhib_H,2.484333309039604,amy_OPC,1.3562708510815835,1.8317383338721953,15,amy_Inhib_H/amy_OPC: 1.832,ENSG00000112964,GHR,TRUE
ENSG00000236948,amy_Inhib_H,1.4429831405341362,amy_Inhib_G,0.7923499024520083,1.821143835657298,16,amy_Inhib_H/amy_Inhib_G: 1.821,ENSG00000236948,AL365255.1,TRUE
ENSG00000069188,amy_Inhib_H,1.908262354438797,amy_Inhib_B,1.1005840350661442,1.7338633794775262,18,amy_Inhib_H/amy_Inhib_B: 1.734,ENSG00000069188,SDK2,TRUE
ENSG00000172380,amy_Inhib_H,1.2503872032681582,amy_Astro_A,0.7222596903689346,1.731215544687885,19,amy_Inhib_H/amy_Astro_A: 1.731,ENSG00000172380,GNG12,TRUE
ENSG00000120709,amy_Inhib_H,0.3949709166916162,amy_Excit_A,0.2282910254171738,1.7301202093680879,20,amy_Inhib_H/amy_Excit_A: 1.73,ENSG00000120709,FAM53C,TRUE
ENSG00000088727,amy_Inhib_H,0.6057929059788277,amy_Inhib_A,0.3520260345742828,1.7208752946680037,21,amy_Inhib_H/amy_Inhib_A: 1.721,ENSG00000088727,KIF9,TRUE
ENSG00000078549,amy_Inhib_H,1.4435727193730163,amy_Inhib_B,0.8389945833636376,1.7205983781034042,22,amy_Inhib_H/amy_Inhib_B: 1.721,ENSG00000078549,ADCYAP1R1,TRUE
ENSG00000059728,amy_Inhib_H,0.6429990762663129,amy_Excit_A,0.39177794018803425,1.6412334904760202,23,amy_Inhib_H/amy_Excit_A: 1.641,ENSG00000059728,MXD1,TRUE
ENSG00000125505,amy_Inhib_H,0.8605576327303376,amy_Inhib_A,0.5247964675523464,1.6397931120687284,24,amy_Inhib_H/amy_Inhib_A: 1.64,ENSG00000125505,MBOAT7,TRUE
ENSG00000144834,amy_Inhib_H,0.8024882056758469,amy_Excit_A,0.4895373993592944,1.6392786469964131,25,amy_Inhib_H/amy_Excit_A: 1.639,ENSG00000144834,TAGLN3,TRUE
